N,comparison,endpoint,mean_pp,ci_lo_pp,ci_hi_pp,n,wilcoxon_p
4,sa - greedy,V100 (+5 mm),3.93931,1.86893,6.00969,18,0.000654958
4,sa - uniform,V100 (+5 mm),17.6183,14.3606,20.876,15,6.10352e-05
4,greedy - uniform,V100 (+5 mm),14.7459,10.8879,18.6038,15,6.10352e-05
4,greedy+local - greedy,V100 (+5 mm),1.20583,-0.0571145,2.46878,18,0.0179605
4,sa - random,V100 (+5 mm),17.5028,14.6137,20.3919,18,7.62939e-06
4,continuous - sa,V100 (+5 mm),-1.5934,-2.92401,-0.262787,6,0.0625
4,continuous - uniform,V100 (+5 mm),22.2349,20.018,24.4518,6,0.03125
6,sa - greedy,V100 (+5 mm),4.61399,2.74142,6.48655,13,0.000488281
6,sa - uniform,V100 (+5 mm),26.8691,23.8317,29.9064,11,0.000976562
6,greedy - uniform,V100 (+5 mm),22.5589,17.9401,27.1777,11,0.000976562
6,greedy+local - greedy,V100 (+5 mm),1.45295,0.402794,2.5031,13,0.0136719
6,sa - random,V100 (+5 mm),23.8579,20.2838,27.4321,12,0.000488281
6,continuous - sa,V100 (+5 mm),-6.18332,-8.47519,-3.89146,6,0.03125
6,continuous - uniform,V100 (+5 mm),18.1658,9.07214,27.2595,5,0.0625
8,sa - greedy,V100 (+5 mm),7.03605,4.18088,9.89123,12,0.000488281
8,sa - uniform,V100 (+5 mm),23.5055,18.7803,28.2306,4,0.125
8,greedy - uniform,V100 (+5 mm),17.9785,10.5842,25.3728,4,0.125
8,greedy+local - greedy,V100 (+5 mm),4.10684,1.5645,6.64918,12,0.00195312
8,sa - random,V100 (+5 mm),19.7639,14.0204,25.5074,9,0.00390625
8,continuous - sa,V100 (+5 mm),-5.02738,-8.58923,-1.46553,6,0.03125
8,continuous - uniform,V100 (+5 mm),nan,nan,nan,0,1
10,sa - greedy,V100 (+5 mm),12.8462,6.3763,19.3161,6,0.03125
10,greedy+local - greedy,V100 (+5 mm),6.90575,2.66544,11.1461,6,0.03125
10,sa - random,V100 (+5 mm),11.2839,9.40044,13.1674,6,0.03125
12,sa - greedy,V100 (+5 mm),2.91055,0.634745,5.18636,5,0.0625
12,greedy+local - greedy,V100 (+5 mm),2.16757,0.43788,3.89726,5,0.0625
