cavity,N_star,uniform_never_reached_rx,N_used,fallback,V100_uniform,V100_sa,diff_pp,comparison,mean_pp,ci_lo_pp,ci_hi_pp,n,wilcoxon_p,n_flagged,n_fallback_N,n_no_pair
s1_x0.80,4,True,4,False,0.316507,0.40838,9.18728,,,,,,,,,
s3_x0.80,4,True,4,False,0.316215,0.442225,12.601,,,,,,,,,
s6_x0.80,4,True,4,False,0.253854,0.468449,21.4595,,,,,,,,,
s1_x1.00,6,True,6,False,0.424415,0.625325,20.091,,,,,,,,,
s2_x1.00,6,True,6,False,0.374144,0.563896,18.9753,,,,,,,,,
s3_x1.00,6,True,6,False,0.359767,0.57869,21.8922,,,,,,,,,
s4_x1.00,4,True,4,False,0,0.242774,24.2774,,,,,,,,,
s5_x1.00,6,True,6,False,0.284175,0.574661,29.0486,,,,,,,,,
s6_x1.00,6,True,6,False,0.269195,0.595128,32.5933,,,,,,,,,
s1_x1.25,6,True,6,False,0.0437721,0.333853,29.0081,,,,,,,,,
s2_x1.25,8,True,8,False,0.263685,0.508297,24.4612,,,,,,,,,
s3_x1.25,8,True,8,False,0.264293,0.516098,25.1805,,,,,,,,,
s4_x1.25,8,True,8,False,0.224995,0.47794,25.2944,,,,,,,,,
s5_x1.25,8,True,8,False,0.339455,0.530312,19.0857,,,,,,,,,
s6_x1.25,6,True,6,False,0,0.294541,29.4541,,,,,,,,,
,,,,,,,,SA - uniform at N*,22.8406,19.3311,26.3502,15,6.10352e-05,15,0,0
