N,arm,n_cav,V100_mean,V100_sd,D90_mean,D90_sd,V150_mean,V150_sd,V200_mean,V200_sd,V100w_mean,V100w_sd,solve_s_mean,solve_s_sd
4,random,18,0.0971739,0.141686,2375.91,1018.64,0,0,0,0,0.0913885,0.134475,0,0
4,uniform,15,0.0608318,0.122399,2130.91,869.81,6.34015e-05,0.000245553,0,0,0.05616,0.113767,0.00387014,0.00302715
4,greedy,18,0.232809,0.106922,1735.74,1128.67,6.12277e-05,0.000177508,0,0,0.231122,0.100571,0.067438,0.0386208
4,greedy+local,18,0.244867,0.117282,1693.88,1085.96,4.85437e-05,0.000172966,0,0,0.241616,0.109257,0.110753,0.0643391
4,sa,18,0.272202,0.134391,1554.76,955.789,0.000111602,0.000338385,0,0,0.267078,0.128057,1.27636,0.30813
4,milp,15,0.205833,0.0897159,1389.17,919.889,1.52207e-05,5.89495e-05,0,0,0.200641,0.0840906,8.76369,10.2047
4,continuous,6,0.226666,0.014177,1299,68.8366,2.43309e-05,5.95983e-05,0,0,0.230603,0.0112759,35.8853,2.49416
6,random,12,0.202259,0.200724,3295.12,896.799,0,0,0,0,0.19455,0.19462,0,0
6,uniform,11,0.16227,0.177631,3565.34,903.718,0,0,0,0,0.16746,0.18325,0.00598831,0.00473507
6,greedy,13,0.437711,0.190664,2288.44,1444.85,0.00692592,0.0105676,0,0,0.440513,0.188616,0.122744,0.0329824
6,greedy+local,13,0.45224,0.192268,2385.63,1468.36,0.00168423,0.00567518,0,0,0.457341,0.190327,0.201894,0.0528352
6,sa,13,0.483851,0.210455,2441.8,1616.55,0.00140499,0.00506576,0,0,0.485073,0.20934,1.87221,0.322041
6,milp,12,0.410907,0.138114,2073.86,916.391,3.84852e-05,0.000133317,0,0,0.409749,0.138076,152.715,153.865
6,continuous,6,0.519365,0.0401105,2723.03,346.611,0.00478445,0.00781576,0,0,0.520733,0.0377467,54.9789,4.07884
8,random,9,0.483205,0.313612,4492.16,1132.19,0.00695895,0.0123572,0,0,0.4712,0.315142,0,0
8,uniform,4,0.273107,0.0479001,3539.04,109.464,0,0,0,0,0.275043,0.0415434,0.0424201,0.0296871
8,greedy,12,0.690144,0.236002,4062.81,2094.67,0.0496738,0.0542744,0,0,0.690679,0.232808,0.168417,0.0261649
8,greedy+local,12,0.731212,0.251161,4287.75,2218.44,0.0187756,0.0321876,0,0,0.734082,0.24774,0.254238,0.0456921
8,sa,12,0.760505,0.250225,4380.61,2390.06,0.00384521,0.0088918,0,0,0.762677,0.24766,2.24779,0.39873
8,milp,9,0.630806,0.245729,3688.87,2007.75,0.000588728,0.00161936,0,0,0.630686,0.242012,201.306,148.07
8,continuous,6,0.948958,0.0338785,6343.82,294.504,0.0445918,0.0380162,0,0,0.948398,0.0366498,59.9928,0.128232
8,truth,18,0.647601,0.187991,3756.71,1650.2,0.344327,0.252847,0.143842,0.179371,0.642866,0.191792,0,0
8,truth_raw,18,0.637812,0.181385,3680.65,1590.21,0.341079,0.244969,0.152629,0.177124,0.632765,0.185041,0,0
10,random,6,0.719053,0.0693136,5199.86,274.759,2.55404e-05,4.3183e-05,0,0,0.706394,0.0718259,0,0
10,greedy,6,0.70343,0.0314398,3789.15,488.864,0.0124187,0.0192105,0,0,0.708697,0.0301555,0.258282,0.050315
10,greedy+local,6,0.772488,0.0595525,4982.22,710.878,0.000436219,0.00106851,0,0,0.772334,0.0543653,0.333354,0.0508909
10,sa,6,0.831892,0.0811397,5334.43,717.026,0,0,0,0,0.832634,0.0775408,3.06676,0.218569
12,greedy,5,0.970501,0.0182275,6584.37,183.448,0.0836184,0.0457426,0,0,0.966907,0.019951,0.283891,0.0054191
12,greedy+local,5,0.992177,0.0085608,6691.61,154.684,0.0618043,0.0532456,0,0,0.992778,0.00728716,0.367901,0.026336
12,sa,5,0.999607,0.000578904,6762.87,131.505,0.0460776,0.0421295,0,0,0.999514,0.000682921,3.01191,0.1738
