cavity,perturbation,arms,kendall_tau
s1_x1.00,seed_plane_2.25mm,"greedy,sa,truth",1
s1_x1.00,seed_plane_3.75mm,"greedy,sa,truth",1
s1_x1.00,sk_-5%,"greedy,sa,truth",1
s1_x1.00,sk_+5%,"greedy,sa,truth",0.816497
s1_x1.00,interference_on,"greedy,sa,truth",1
s1_x1.00,m_opt_4000,"greedy,sa",1
s2_x1.00,seed_plane_2.25mm,"greedy,sa,truth",1
s2_x1.00,seed_plane_3.75mm,"greedy,sa,truth",1
s2_x1.00,sk_-5%,"greedy,sa,truth",1
s2_x1.00,sk_+5%,"greedy,sa,truth",1
s2_x1.00,interference_on,"greedy,sa,truth",1
s2_x1.00,m_opt_4000,"greedy,sa",1
s3_x1.00,seed_plane_2.25mm,"greedy,sa,truth",1
s3_x1.00,seed_plane_3.75mm,"greedy,sa,truth",1
s3_x1.00,sk_-5%,"greedy,sa,truth",1
s3_x1.00,sk_+5%,"greedy,sa,truth",1
s3_x1.00,interference_on,"greedy,sa,truth",1
s3_x1.00,m_opt_4000,"greedy,sa",1
