cavity,perturbation,arm,status,V100,D90,V150,V200
s1_x1.00,nominal,truth,ok,0.65816,3772.38,0.408648,0.041775
s1_x1.00,nominal,greedy,ok,0.999025,6487.87,0.14158,0
s1_x1.00,nominal,sa,ok,1,6908.87,0.0143043,0
s1_x1.00,seed_plane_2.25mm,truth,ok,0.652471,3614.1,0.437256,0.112809
s1_x1.00,seed_plane_2.25mm,greedy,ok,0.990572,6445.31,0.205624,0
s1_x1.00,seed_plane_2.25mm,sa,ok,0.99935,6897.47,0.0926528,0
s1_x1.00,seed_plane_3.75mm,truth,ok,0.661736,3933.31,0.377926,0.00113784
s1_x1.00,seed_plane_3.75mm,greedy,ok,0.999675,6493.11,0.076723,0
s1_x1.00,seed_plane_3.75mm,sa,ok,1,6900.86,0.00113784,0
s1_x1.00,sk_-5%,truth,ok,0.630689,3583.76,0.370611,0.00260078
s1_x1.00,sk_-5%,greedy,ok,0.938231,6163.48,0.0572172,0
s1_x1.00,sk_-5%,sa,ok,0.989109,6563.43,0.000487646,0
s1_x1.00,sk_+5%,truth,ok,0.680754,3960.99,0.444733,0.124025
s1_x1.00,sk_+5%,greedy,ok,1,6812.26,0.232282,0
s1_x1.00,sk_+5%,sa,ok,1,7254.32,0.116547,0
s1_x1.00,interference_on,truth,ok,0.638654,3771.88,0.385241,0.0190182
s1_x1.00,interference_on,greedy,ok,0.979519,6376.1,0.0520156,0
s1_x1.00,interference_on,sa,ok,0.998375,6803.57,0.00568921,0
s1_x1.00,m_opt_4000,greedy,ok,0.999025,6487.87,0.14158,0
s1_x1.00,m_opt_4000,sa,ok,1,6783.84,0.0603056,0
s2_x1.00,nominal,truth,ok,0.63375,3594.07,0.35493,0.0141495
s2_x1.00,nominal,greedy,ok,0.864164,5819.38,0.117218,0
s2_x1.00,nominal,sa,ok,0.999851,6589.43,0.000446828,0
s2_x1.00,seed_plane_2.25mm,truth,ok,0.633304,3458.56,0.388442,0.0601728
s2_x1.00,seed_plane_2.25mm,greedy,ok,0.860143,5784.69,0.167709,0
s2_x1.00,seed_plane_2.25mm,sa,ok,0.999553,6596.87,0.00178731,0
s2_x1.00,seed_plane_3.75mm,truth,ok,0.633006,3735.54,0.310843,0.000297885
s2_x1.00,seed_plane_3.75mm,greedy,ok,0.8591,5825.12,0.0503426,0
s2_x1.00,seed_plane_3.75mm,sa,ok,1,6548.41,0,0
s2_x1.00,sk_-5%,truth,ok,0.611856,3414.37,0.278671,0.00223414
s2_x1.00,sk_-5%,greedy,ok,0.765713,5528.41,0.0350015,0
s2_x1.00,sk_-5%,sa,ok,0.978105,6259.96,0,0
s2_x1.00,sk_+5%,truth,ok,0.656539,3773.78,0.414358,0.0475127
s2_x1.00,sk_+5%,greedy,ok,0.913911,6110.35,0.183348,0
s2_x1.00,sk_+5%,sa,ok,1,6918.9,0.00282991,0
s2_x1.00,interference_on,truth,ok,0.617962,3594.07,0.312332,0.00908549
s2_x1.00,interference_on,greedy,ok,0.840483,5713.2,0.0820673,0
s2_x1.00,interference_on,sa,ok,0.996127,6478,0.000148943,0
s2_x1.00,m_opt_4000,greedy,ok,0.877271,5826.51,0.054513,0
s2_x1.00,m_opt_4000,sa,ok,1,6502.7,0.000297885,0
s3_x1.00,nominal,truth,ok,0.580374,3302.16,0.371096,0.105175
s3_x1.00,nominal,greedy,ok,0.952388,6398.88,0.0295468,0
s3_x1.00,nominal,sa,ok,1,6774.91,0,0
s3_x1.00,seed_plane_2.25mm,truth,ok,0.579608,3169.75,0.397428,0.17131
s3_x1.00,seed_plane_2.25mm,greedy,ok,0.948102,6385.04,0.0754746,0
s3_x1.00,seed_plane_2.25mm,sa,ok,1,6790.71,0.00153092,0
s3_x1.00,seed_plane_3.75mm,truth,ok,0.578996,3444.46,0.345836,0.0356705
s3_x1.00,seed_plane_3.75mm,greedy,ok,0.956062,6378.75,0.00995101,0
s3_x1.00,seed_plane_3.75mm,sa,ok,1,6721.34,0,0
s3_x1.00,sk_-5%,truth,ok,0.55695,3137.05,0.338181,0.0237293
s3_x1.00,sk_-5%,greedy,ok,0.917024,6078.93,0.00765462,0
s3_x1.00,sk_-5%,sa,ok,0.99556,6436.17,0,0
s3_x1.00,sk_+5%,truth,ok,0.602266,3467.27,0.402327,0.197642
s3_x1.00,sk_+5%,greedy,ok,0.979792,6718.82,0.0855787,0
s3_x1.00,sk_+5%,sa,ok,1,7113.66,0.000765462,0
s3_x1.00,interference_on,truth,ok,0.562156,3302.16,0.352266,0.0566442
s3_x1.00,interference_on,greedy,ok,0.943203,6283.11,0.021586,0
s3_x1.00,interference_on,sa,ok,0.999388,6652.91,0,0
s3_x1.00,m_opt_4000,greedy,ok,0.896663,5960.8,0.0476118,0
s3_x1.00,m_opt_4000,sa,ok,1,6671.5,0.00214329,0
