N,V100,D90,V150,V200,objective,runtime_s,solver,status,D90>=rx,V100>=0.90,warm_start
1,0.0570838,151.084,0.0294415,0.0216197,0.0570838,0.0050833,greedy,ok,False,False,True
2,0.156146,368.705,0.0676355,0.0384549,0.156146,0.0046359,greedy,ok,False,False,True
3,0.288283,596.525,0.163388,0.0868544,0.288283,0.0051784,greedy,ok,False,False,True
4,0.421056,800.865,0.233388,0.124791,0.408661,0.0062088,greedy,ok,False,False,True
5,0.550682,1260.43,0.301905,0.159146,0.521109,0.0058662,greedy,ok,False,False,True
6,0.660374,2762.47,0.327546,0.17233,0.624209,0.0047862,greedy,ok,False,False,True
7,0.740547,4158.57,0.37193,0.186795,0.69715,0.0055685,greedy,ok,False,False,True
8,0.811004,4702.72,0.49833,0.222917,0.749546,0.0048828,greedy,ok,False,False,True
9,0.884461,5641.19,0.608632,0.322323,0.773299,0.0061201,greedy,ok,False,False,True
10,0.909989,6218.14,0.667944,0.380957,0.769511,0.0057723,greedy,ok,True,True,True
11,0.938838,6861.4,0.767467,0.470752,0.753461,0.0044675,greedy,ok,True,True,True
12,0.948695,7136.87,0.798271,0.572555,0.712418,0.0053645,greedy,ok,True,True,True
