case,m,tol,frac,thr,reach,cc,dice,cover
clinical,3,5,0.4,22.6,10,38.7,0.782,0.823
clinical,3,5,0.4,22.6,14,42.5,0.748,0.828
clinical,3,5,0.5,25.5,10,41.0,0.761,0.824
clinical,3,5,0.5,25.5,14,46.7,0.712,0.829
clinical,3,5,0.6,28.4,10,43.6,0.738,0.827
clinical,3,5,0.6,28.4,14,50.7,0.681,0.832
clinical,5,5,0.4,22.6,10,42.7,0.75,0.83
clinical,5,5,0.4,22.6,14,46.1,0.718,0.831
clinical,5,5,0.5,25.5,10,45.9,0.721,0.831
clinical,5,5,0.5,25.5,14,52.0,0.672,0.834
clinical,5,5,0.6,28.4,10,49.1,0.695,0.833
clinical,5,5,0.6,28.4,14,57.5,0.633,0.835
ph_1.0_3t_r0,3,5,0.4,25.0,10,19.9,0.811,0.713
ph_1.0_3t_r0,3,5,0.4,25.0,14,24.3,0.891,0.859
ph_1.0_3t_r0,3,5,0.5,26.6,10,20.2,0.811,0.718
ph_1.0_3t_r0,3,5,0.5,26.6,14,24.5,0.889,0.861
ph_1.0_3t_r0,3,5,0.6,28.3,10,20.5,0.808,0.72
ph_1.0_3t_r0,3,5,0.6,28.3,14,24.9,0.884,0.863
ph_1.0_3t_r0,5,5,0.4,25.0,10,23.5,0.848,0.805
ph_1.0_3t_r0,5,5,0.4,25.0,14,27.6,0.904,0.928
ph_1.0_3t_r0,5,5,0.5,26.6,10,23.7,0.847,0.807
ph_1.0_3t_r0,5,5,0.5,26.6,14,27.8,0.901,0.929
ph_1.0_3t_r0,5,5,0.6,28.3,10,24.0,0.843,0.808
ph_1.0_3t_r0,5,5,0.6,28.3,14,28.3,0.895,0.93
ph_1.0_5t_r1,3,5,0.4,24.9,10,25.4,0.9,0.918
ph_1.0_5t_r1,3,5,0.4,24.9,14,27.9,0.923,0.987
ph_1.0_5t_r1,3,5,0.5,26.6,10,25.7,0.897,0.92
ph_1.0_5t_r1,3,5,0.5,26.6,14,28.2,0.919,0.989
ph_1.0_5t_r1,3,5,0.6,28.3,10,26.0,0.893,0.92
ph_1.0_5t_r1,3,5,0.6,28.3,14,28.5,0.915,0.989
ph_1.0_5t_r1,5,5,0.4,24.9,10,28.7,0.892,0.968
ph_1.0_5t_r1,5,5,0.4,24.9,14,30.5,0.889,0.999
ph_1.0_5t_r1,5,5,0.5,26.6,10,28.8,0.889,0.969
ph_1.0_5t_r1,5,5,0.5,26.6,14,30.7,0.887,1.0
ph_1.0_5t_r1,5,5,0.6,28.3,10,29.1,0.885,0.969
ph_1.0_5t_r1,5,5,0.6,28.3,14,30.9,0.883,1.0
ph_0.7_3t_r2,3,5,0.4,24.9,10,26.1,0.827,0.801
ph_0.7_3t_r2,3,5,0.4,24.9,14,29.9,0.882,0.915
ph_0.7_3t_r2,3,5,0.5,26.6,10,26.5,0.823,0.803
ph_0.7_3t_r2,3,5,0.5,26.6,14,30.4,0.876,0.917
ph_0.7_3t_r2,3,5,0.6,28.2,10,26.8,0.818,0.803
ph_0.7_3t_r2,3,5,0.6,28.2,14,30.8,0.871,0.917
ph_0.7_3t_r2,5,5,0.4,24.9,10,29.7,0.852,0.881
ph_0.7_3t_r2,5,5,0.4,24.9,14,33.2,0.885,0.971
ph_0.7_3t_r2,5,5,0.5,26.6,10,30.0,0.849,0.882
ph_0.7_3t_r2,5,5,0.5,26.6,14,33.7,0.88,0.972
ph_0.7_3t_r2,5,5,0.6,28.2,10,30.3,0.845,0.883
ph_0.7_3t_r2,5,5,0.6,28.2,14,34.0,0.876,0.973
