case,rule,margin,tol,thr,reach,cc,dice,cover,precision,s
clinical,shipped,,,,,40.6,0.664,0.716,0.62,3.1
clinical,proto,3,3,none,0,18.7,0.636,0.488,0.914,0.2
clinical,proto,3,3,15,6,28.2,0.766,0.69,0.86,0.4
clinical,proto,3,3,20,10,31.3,0.75,0.709,0.796,0.5
clinical,proto,3,3,26,14,41.2,0.662,0.719,0.613,0.7
clinical,proto,3,5,none,0,22.1,0.694,0.565,0.897,0.3
clinical,proto,3,5,15,6,33.0,0.822,0.797,0.848,0.5
clinical,proto,3,5,20,10,36.5,0.804,0.819,0.789,0.6
clinical,proto,3,5,26,14,46.7,0.712,0.829,0.623,0.9
clinical,proto,3,7,none,0,22.5,0.69,0.566,0.883,0.4
clinical,proto,3,7,15,6,35.2,0.823,0.823,0.822,0.5
clinical,proto,3,7,20,10,38.5,0.805,0.844,0.769,0.7
clinical,proto,3,7,26,14,49.8,0.708,0.856,0.604,1.0
clinical,proto,5,3,none,0,24.9,0.7,0.598,0.843,0.3
clinical,proto,5,3,15,6,30.8,0.752,0.705,0.805,0.4
clinical,proto,5,3,20,10,34.5,0.722,0.716,0.727,0.5
clinical,proto,5,3,26,14,46.3,0.624,0.723,0.548,0.7
clinical,proto,5,5,none,0,29.0,0.755,0.689,0.835,0.4
clinical,proto,5,5,15,6,36.1,0.805,0.816,0.794,0.4
clinical,proto,5,5,20,10,40.0,0.772,0.826,0.725,0.6
clinical,proto,5,5,26,14,52.0,0.672,0.834,0.562,0.8
clinical,proto,5,7,none,0,30.3,0.753,0.702,0.813,0.4
clinical,proto,5,7,15,6,38.7,0.803,0.844,0.765,0.5
clinical,proto,5,7,20,10,42.3,0.772,0.851,0.706,0.7
clinical,proto,5,7,26,14,55.5,0.667,0.861,0.544,0.9
clinical,proto,7,3,none,0,30.5,0.721,0.673,0.775,0.4
clinical,proto,7,3,15,6,34.1,0.723,0.713,0.734,0.4
clinical,proto,7,3,20,10,38.1,0.692,0.721,0.665,0.5
clinical,proto,7,3,26,14,52.2,0.583,0.725,0.487,0.7
clinical,proto,7,5,none,0,35.9,0.771,0.779,0.763,0.5
clinical,proto,7,5,15,6,39.8,0.772,0.824,0.727,0.5
clinical,proto,7,5,20,10,43.9,0.739,0.832,0.665,0.6
clinical,proto,7,5,26,14,58.0,0.629,0.835,0.505,0.8
clinical,proto,7,7,none,0,38.8,0.766,0.806,0.73,0.6
clinical,proto,7,7,15,6,43.2,0.764,0.852,0.693,0.7
clinical,proto,7,7,20,10,46.7,0.737,0.859,0.646,0.7
clinical,proto,7,7,26,14,62.1,0.623,0.863,0.488,1.0
phantom_1.0mm_3t_rng0,shipped,,,,,21.5,0.842,0.767,0.933,0.5
phantom_1.0mm_3t_rng0,proto,3,3,none,0,6.5,0.391,0.244,0.982,0.0
phantom_1.0mm_3t_rng0,proto,3,3,15,6,8.4,0.481,0.318,0.987,0.1
phantom_1.0mm_3t_rng0,proto,3,3,20,10,17.9,0.786,0.661,0.967,0.1
phantom_1.0mm_3t_rng0,proto,3,3,26,14,24.1,0.892,0.856,0.931,0.1
phantom_1.0mm_3t_rng0,proto,3,5,none,0,6.6,0.393,0.246,0.971,0.0
phantom_1.0mm_3t_rng0,proto,3,5,15,6,8.5,0.483,0.32,0.986,0.1
phantom_1.0mm_3t_rng0,proto,3,5,20,10,18.1,0.787,0.665,0.962,0.1
phantom_1.0mm_3t_rng0,proto,3,5,26,14,24.4,0.89,0.86,0.922,0.1
phantom_1.0mm_3t_rng0,proto,3,7,none,0,6.8,0.396,0.249,0.957,0.0
phantom_1.0mm_3t_rng0,proto,3,7,15,6,8.5,0.483,0.32,0.986,0.1
phantom_1.0mm_3t_rng0,proto,3,7,20,10,18.1,0.787,0.665,0.962,0.1
phantom_1.0mm_3t_rng0,proto,3,7,26,14,24.4,0.89,0.86,0.922,0.2
phantom_1.0mm_3t_rng0,proto,5,3,none,0,9.7,0.513,0.352,0.947,0.0
phantom_1.0mm_3t_rng0,proto,5,3,15,6,13.0,0.63,0.471,0.95,0.1
phantom_1.0mm_3t_rng0,proto,5,3,20,10,21.4,0.849,0.771,0.944,0.1
phantom_1.0mm_3t_rng0,proto,5,3,26,14,26.7,0.916,0.924,0.907,0.1
phantom_1.0mm_3t_rng0,proto,5,5,none,0,11.2,0.505,0.36,0.845,0.0
phantom_1.0mm_3t_rng0,proto,5,5,15,6,14.0,0.62,0.476,0.888,0.1
phantom_1.0mm_3t_rng0,proto,5,5,20,10,22.4,0.836,0.776,0.906,0.1
phantom_1.0mm_3t_rng0,proto,5,5,26,14,27.8,0.902,0.929,0.877,0.1
phantom_1.0mm_3t_rng0,proto,5,7,none,0,11.3,0.502,0.36,0.832,0.1
phantom_1.0mm_3t_rng0,proto,5,7,15,6,14.1,0.619,0.476,0.884,0.1
phantom_1.0mm_3t_rng0,proto,5,7,20,10,22.5,0.834,0.776,0.903,0.1
phantom_1.0mm_3t_rng0,proto,5,7,26,14,27.8,0.901,0.929,0.874,0.1
phantom_1.0mm_3t_rng0,proto,7,3,none,0,13.4,0.606,0.458,0.898,0.0
phantom_1.0mm_3t_rng0,proto,7,3,15,6,16.4,0.697,0.567,0.903,0.1
phantom_1.0mm_3t_rng0,proto,7,3,20,10,25.2,0.883,0.866,0.9,0.1
phantom_1.0mm_3t_rng0,proto,7,3,26,14,29.8,0.912,0.974,0.857,0.1
phantom_1.0mm_3t_rng0,proto,7,5,none,0,15.8,0.577,0.463,0.766,0.1
phantom_1.0mm_3t_rng0,proto,7,5,15,6,18.9,0.664,0.572,0.792,0.1
phantom_1.0mm_3t_rng0,proto,7,5,20,10,27.6,0.847,0.871,0.825,0.1
phantom_1.0mm_3t_rng0,proto,7,5,26,14,32.2,0.877,0.979,0.795,0.1
phantom_1.0mm_3t_rng0,proto,7,7,none,0,17.5,0.556,0.464,0.694,0.1
phantom_1.0mm_3t_rng0,proto,7,7,15,6,20.7,0.643,0.576,0.729,0.1
phantom_1.0mm_3t_rng0,proto,7,7,20,10,29.0,0.827,0.871,0.788,0.1
phantom_1.0mm_3t_rng0,proto,7,7,26,14,33.6,0.858,0.979,0.763,0.1
phantom_1.0mm_5t_rng1,shipped,,,,,26.2,0.936,0.969,0.905,0.6
phantom_1.0mm_5t_rng1,proto,3,3,none,0,13.2,0.691,0.532,0.985,0.0
phantom_1.0mm_5t_rng1,proto,3,3,15,6,17.3,0.789,0.674,0.952,0.1
phantom_1.0mm_5t_rng1,proto,3,3,20,10,23.5,0.912,0.894,0.931,0.1
phantom_1.0mm_5t_rng1,proto,3,3,26,14,26.6,0.94,0.982,0.902,0.1
phantom_1.0mm_5t_rng1,proto,3,5,none,0,13.5,0.694,0.538,0.978,0.1
phantom_1.0mm_5t_rng1,proto,3,5,15,6,17.9,0.784,0.679,0.928,0.1
phantom_1.0mm_5t_rng1,proto,3,5,20,10,24.5,0.901,0.9,0.901,0.1
phantom_1.0mm_5t_rng1,proto,3,5,26,14,28.1,0.92,0.989,0.861,0.2
phantom_1.0mm_5t_rng1,proto,3,7,none,0,13.5,0.694,0.538,0.978,0.1
phantom_1.0mm_5t_rng1,proto,3,7,15,6,18.1,0.785,0.684,0.923,0.1
phantom_1.0mm_5t_rng1,proto,3,7,20,10,24.7,0.899,0.903,0.894,0.1
phantom_1.0mm_5t_rng1,proto,3,7,26,14,28.3,0.917,0.989,0.855,0.2
phantom_1.0mm_5t_rng1,proto,5,3,none,0,17.7,0.787,0.678,0.938,0.1
phantom_1.0mm_5t_rng1,proto,5,3,15,6,21.3,0.858,0.803,0.921,0.1
phantom_1.0mm_5t_rng1,proto,5,3,20,10,25.7,0.929,0.952,0.907,0.1
phantom_1.0mm_5t_rng1,proto,5,3,26,14,27.9,0.928,0.993,0.871,0.2
phantom_1.0mm_5t_rng1,proto,5,5,none,0,19.7,0.758,0.684,0.849,0.1
phantom_1.0mm_5t_rng1,proto,5,5,15,6,23.6,0.825,0.81,0.84,0.1
phantom_1.0mm_5t_rng1,proto,5,5,20,10,28.1,0.893,0.959,0.836,0.1
phantom_1.0mm_5t_rng1,proto,5,5,26,14,30.6,0.888,1.0,0.799,0.2
phantom_1.0mm_5t_rng1,proto,5,7,none,0,20.1,0.754,0.686,0.837,0.1
phantom_1.0mm_5t_rng1,proto,5,7,15,6,23.9,0.821,0.811,0.831,0.1
phantom_1.0mm_5t_rng1,proto,5,7,20,10,28.5,0.887,0.96,0.824,0.1
phantom_1.0mm_5t_rng1,proto,5,7,26,14,31.1,0.881,1.0,0.787,0.2
phantom_1.0mm_5t_rng1,proto,7,3,none,0,21.1,0.836,0.779,0.902,0.1
phantom_1.0mm_5t_rng1,proto,7,3,15,6,24.8,0.9,0.906,0.894,0.1
phantom_1.0mm_5t_rng1,proto,7,3,20,10,27.4,0.928,0.984,0.878,0.1
phantom_1.0mm_5t_rng1,proto,7,3,26,14,28.8,0.912,0.993,0.844,0.1
phantom_1.0mm_5t_rng1,proto,7,5,none,0,25.9,0.765,0.787,0.744,0.1
phantom_1.0mm_5t_rng1,proto,7,5,15,6,29.6,0.827,0.914,0.755,0.1
phantom_1.0mm_5t_rng1,proto,7,5,20,10,32.3,0.855,0.991,0.752,0.1
phantom_1.0mm_5t_rng1,proto,7,5,26,14,33.7,0.841,1.0,0.726,0.1
phantom_1.0mm_5t_rng1,proto,7,7,none,0,28.4,0.728,0.787,0.678,0.1
phantom_1.0mm_5t_rng1,proto,7,7,15,6,32.1,0.79,0.914,0.696,0.1
phantom_1.0mm_5t_rng1,proto,7,7,20,10,35.1,0.814,0.991,0.691,0.1
phantom_1.0mm_5t_rng1,proto,7,7,26,14,36.8,0.799,1.0,0.666,0.2
phantom_0.7mm_3t_rng2,shipped,,,,,27.4,0.901,0.894,0.907,1.2
phantom_0.7mm_3t_rng2,proto,3,3,none,0,9.3,0.493,0.329,0.987,0.1
phantom_0.7mm_3t_rng2,proto,3,3,15,6,13.1,0.62,0.457,0.967,0.2
phantom_0.7mm_3t_rng2,proto,3,3,20,10,23.4,0.838,0.771,0.918,0.2
phantom_0.7mm_3t_rng2,proto,3,3,26,14,29.2,0.89,0.912,0.869,0.3
phantom_0.7mm_3t_rng2,proto,3,5,none,0,9.4,0.494,0.33,0.978,0.1
phantom_0.7mm_3t_rng2,proto,3,5,15,6,13.8,0.63,0.471,0.952,0.2
phantom_0.7mm_3t_rng2,proto,3,5,20,10,24.5,0.826,0.777,0.882,0.3
phantom_0.7mm_3t_rng2,proto,3,5,26,14,30.3,0.877,0.916,0.841,0.4
phantom_0.7mm_3t_rng2,proto,3,7,none,0,9.8,0.508,0.344,0.973,0.1
phantom_0.7mm_3t_rng2,proto,3,7,15,6,14.6,0.632,0.482,0.917,0.2
phantom_0.7mm_3t_rng2,proto,3,7,20,10,23.6,0.829,0.767,0.902,0.3
phantom_0.7mm_3t_rng2,proto,3,7,26,14,30.7,0.9,0.948,0.857,0.5
phantom_0.7mm_3t_rng2,proto,5,3,none,0,13.5,0.619,0.459,0.948,0.1
phantom_0.7mm_3t_rng2,proto,5,3,15,6,18.3,0.743,0.616,0.935,0.2
phantom_0.7mm_3t_rng2,proto,5,3,20,10,26.5,0.882,0.861,0.903,0.2
phantom_0.7mm_3t_rng2,proto,5,3,26,14,31.6,0.907,0.969,0.852,0.3
phantom_0.7mm_3t_rng2,proto,5,5,none,0,15.4,0.611,0.474,0.858,0.2
phantom_0.7mm_3t_rng2,proto,5,5,15,6,20.1,0.729,0.629,0.868,0.2
phantom_0.7mm_3t_rng2,proto,5,5,20,10,28.8,0.853,0.868,0.838,0.3
phantom_0.7mm_3t_rng2,proto,5,5,26,14,33.6,0.881,0.972,0.805,0.4
phantom_0.7mm_3t_rng2,proto,5,7,none,0,15.6,0.607,0.474,0.845,0.2
phantom_0.7mm_3t_rng2,proto,5,7,15,6,21.4,0.713,0.631,0.821,0.2
phantom_0.7mm_3t_rng2,proto,5,7,20,10,28.7,0.845,0.859,0.832,0.3
phantom_0.7mm_3t_rng2,proto,5,7,26,14,34.5,0.883,0.988,0.798,0.4
phantom_0.7mm_3t_rng2,proto,7,3,none,0,18.1,0.699,0.577,0.886,0.2
phantom_0.7mm_3t_rng2,proto,7,3,15,6,23.4,0.808,0.743,0.884,0.2
phantom_0.7mm_3t_rng2,proto,7,3,20,10,29.9,0.9,0.933,0.869,0.2
phantom_0.7mm_3t_rng2,proto,7,3,26,14,33.8,0.897,0.993,0.818,0.3
phantom_0.7mm_3t_rng2,proto,7,5,none,0,20.9,0.661,0.579,0.771,0.2
phantom_0.7mm_3t_rng2,proto,7,5,15,6,26.1,0.767,0.743,0.792,0.2
phantom_0.7mm_3t_rng2,proto,7,5,20,10,33.1,0.856,0.938,0.788,0.3
phantom_0.7mm_3t_rng2,proto,7,5,26,14,36.8,0.859,0.997,0.754,0.4
phantom_0.7mm_3t_rng2,proto,7,7,none,0,24.6,0.669,0.63,0.714,0.2
phantom_0.7mm_3t_rng2,proto,7,7,15,6,29.9,0.764,0.793,0.737,0.2
phantom_0.7mm_3t_rng2,proto,7,7,20,10,35.2,0.823,0.932,0.737,0.3
phantom_0.7mm_3t_rng2,proto,7,7,26,14,39.9,0.821,1.0,0.697,0.5
